ID,Name,Age,Nationality,Overall,Potential,Club,Growth,Value,Wage,Release,Total Attacking,Total Skill,Total Movement,Total Power,Total Mentality,Total Defending,Total Goalkeeping,Total Stats,IR,PAC,SHO,PAS,DRI,DEF,PHY
192985,K. De Bruyne,27,Belgium,91,91,Manchester City,0,93000000.0,355000.0,172100000.0,404,436,401,408,397,177,56,2279,4,77,86,92,87,61,78
183277,E. Hazard,27,Belgium,91,91,Chelsea,0,93000000.0,340000.0,172100000.0,395,434,461,368,357,83,45,2143,4,91,83,86,94,35,68
192119,T. Courtois,26,Belgium,88,89,Real Madrid,1,47500000.0,235000.0,100900000.0,86,110,288,229,122,54,417,1306,4,84,89,72,87,49,85
184087,T. Alderweireld,29,Belgium,87,87,Tottenham Hotspur,0,39000000.0,165000.0,72200000.0,308,354,326,384,351,267,66,2056,3,64,57,73,66,89,79
172871,J. Vertonghen,31,Belgium,87,87,Tottenham Hotspur,0,34000000.0,155000.0,62900000.0,339,358,332,385,367,264,44,2089,3,63,63,74,72,87,79
175943,D. Mertens,31,Belgium,87,87,Napoli,0,45000000.0,135000.0,76500000.0,350,415,452,338,344,105,39,2043,3,89,83,80,91,34,55
192505,R. Lukaku,25,Belgium,86,88,Manchester United,2,55000000.0,215000.0,108600000.0,397,362,357,406,336,90,54,2002,3,83,83,74,73,35,85
177413,A. Witsel,29,Belgium,85,85,Borussia Dortmund,0,30000000.0,84000.0,51000000.0,387,383,369,399,399,248,36,2221,3,70,75,80,80,82,83
178518,R. Nainggolan,30,Belgium,85,85,Inter,0,35500000.0,105000.0,60400000.0,366,387,396,416,399,259,55,2278,3,75,79,78,82,83,83
139720,V. Kompany,32,Belgium,84,84,Manchester City,0,18000000.0,160000.0,33299999.999999996,308,312,283,352,332,254,38,1879,4,51,53,65,64,84,81
208418,Y. Carrasco,24,Belgium,83,86,Dalian YiFang FC,3,33000000.0,20000.0,73400000.0,354,406,424,365,304,118,49,2020,3,90,80,75,87,39,64
192984,K. Casteels,26,Belgium,83,85,VfL Wolfsburg,2,21500000.0,50000.0,38200000.0,92,107,265,213,126,47,406,1256,2,83,79,79,83,45,82
202371,T. Meunier,26,Belgium,82,83,Paris Saint-Germain,1,21000000.0,87000.0,40400000.0,395,361,347,404,365,239,51,2162,2,78,76,77,75,78,84
203486,T. Hazard,25,Belgium,82,83,Borussia Mönchengladbach,1,26500000.0,43000.0,47000000.0,354,406,420,353,346,118,37,2034,2,81,77,80,86,40,64
162240,M. Dembélé,30,Belgium,81,81,Guangzhou R&F FC,0,16500000.0,23000.0,35500000.0,357,376,383,374,372,225,71,2158,3,73,68,77,87,77,80
204529,M. Batshuayi,24,Belgium,80,83,Crystal Palace,3,19000000.0,105000.0,0.0,369,306,383,380,299,85,57,1879,2,76,80,59,78,33,72
212501,L. Dendoncker,23,Belgium,79,85,Wolverhampton Wanderers,6,14500000.0,20000.0,0.0,369,365,319,405,345,230,56,2089,2,65,72,77,70,77,84
220182,J. Denayer,23,Belgium,79,85,Olympique Lyonnais,6,14500000.0,52000.0,30500000.0,283,269,356,318,292,238,62,1818,1,75,42,63,68,78,78
207421,L. Trossard,23,Belgium,79,83,KRC Genk,4,16500000.0,20000.0,26000000.0,370,382,416,384,286,79,47,1964,1,83,80,73,83,30,62
208330,A. Januzaj,23,Belgium,79,85,Real Sociedad,6,17500000.0,32000.0,40300000.0,341,386,392,333,293,74,55,1874,1,80,71,78,83,29,58
200155,H. Vanaken,25,Belgium,79,80,Club Brugge KV,1,15000000.0,27000.0,22100000.0,372,393,293,363,358,155,54,1988,1,50,75,80,76,61,72
170815,S. Defour,30,Belgium,78,78,Burnley,0,9500000.0,55000.0,18100000.0,355,387,357,361,378,221,53,2112,2,64,71,78,77,74,72
216393,Y. Tielemans,21,Belgium,78,87,Leicester City,9,16000000.0,47000.0,0.0,367,392,335,370,367,206,50,2087,2,57,78,80,77,68,68
173426,S. Mignolet,30,Belgium,78,78,Liverpool,0,6500000.0,69000.0,12000000.0,91,102,262,233,153,37,369,1247,3,79,72,62,81,51,75
190324,C. Kabasele,27,Belgium,78,80,Watford,2,10000000.0,51000.0,19800000.0,292,243,333,332,301,235,61,1797,1,71,50,51,62,78,77
157304,T. Vermaelen,32,Belgium,78,78,Vissel Kobe,0,6000000.0,10000.0,7800000.0,333,326,317,351,311,233,52,1923,3,64,61,70,60,77,69
172175,K. Mirallas,30,Belgium,78,78,Fiorentina,0,10000000.0,87000.0,0.0,367,391,385,357,311,134,60,2005,2,79,73,76,80,43,65
199641,M. Sels,26,Belgium,78,81,RC Strasbourg Alsace,3,9000000.0,16000.0,18700000.0,97,116,214,223,122,39,384,1195,1,80,74,73,80,36,77
175895,V. Odjidja-Ofoe,29,Belgium,77,77,KAA Gent,0,8500000.0,24000.0,12800000.0,364,370,294,381,362,205,59,2035,2,61,73,76,73,69,79
200529,N. Chadli,28,Belgium,77,77,AS Monaco,0,9000000.0,62000.0,17100000.0,361,383,345,384,328,135,58,1994,2,76,74,74,77,47,76
213135,D. Origi,23,Belgium,77,82,Liverpool,5,12000000.0,83000.0,23100000.0,360,303,370,362,309,58,70,1832,2,79,74,67,74,27,72
207537,J. Lukaku,23,Belgium,77,80,Lazio,3,11500000.0,39000.0,20400000.0,326,325,417,376,333,212,53,2042,2,91,61,70,80,71,80
199652,D. Praet,24,Belgium,77,82,Sampdoria,5,11500000.0,30000.0,20400000.0,353,377,362,352,333,181,46,2004,2,71,70,77,78,61,66
176944,M. Fellaini,30,Belgium,76,76,Shandong Luneng TaiShan FC,0,7000000.0,20000.0,15100000.0,374,323,262,379,385,215,54,1992,3,42,71,70,69,76,88
47201,S. Proto,35,Belgium,76,76,Lazio,0,1800000.0,20000.0,3100000.0,95,108,283,215,152,48,376,1277,2,75,73,73,77,47,78
176009,S. Kums,30,Belgium,76,76,RSC Anderlecht,0,7000000.0,20000.0,10500000.0,329,382,354,348,365,215,60,2053,2,63,66,77,75,71,67
210828,B. Engels,23,Belgium,76,83,Stade de Reims,7,9500000.0,15000.0,20900000.0,278,254,278,296,294,222,50,1672,2,61,44,61,56,75,76
212204,B. Mechele,25,Belgium,76,79,Club Brugge KV,3,8000000.0,19000.0,11800000.0,235,230,307,298,251,242,56,1619,1,63,35,46,56,80,75
217877,T. Bongonda,22,Belgium,75,81,SV Zulte-Waregem,6,9000000.0,14000.0,15300000.0,321,349,401,339,255,67,58,1790,1,82,67,69,80,26,53
184111,C. Benteke,27,Belgium,75,75,Crystal Palace,0,7000000.0,50000.0,13300000.0,348,307,305,382,297,71,44,1754,3,64,73,61,65,32,75
231745,L. Dimata,20,Belgium,75,83,RSC Anderlecht,8,10000000.0,31000.0,0.0,328,262,369,376,299,101,54,1789,1,82,73,58,71,35,79
209780,S. Schrijvers,21,Belgium,75,81,Club Brugge KV,6,9500000.0,18000.0,15200000.0,356,356,386,362,328,149,48,1985,1,76,75,72,75,50,67
184183,S. Dewaest,27,Belgium,75,77,KRC Genk,2,6500000.0,15000.0,10200000.0,228,196,248,310,270,224,61,1537,1,54,41,46,38,75,80
208509,T. Foket,23,Belgium,75,80,Stade de Reims,5,7500000.0,14000.0,15600000.0,309,337,376,362,326,223,54,1987,1,78,57,69,71,72,73
191627,M. Rits,24,Belgium,75,78,Club Brugge KV,3,8500000.0,19000.0,12500000.0,320,350,350,335,350,216,61,1982,1,67,63,73,70,71,72
197837,D. Boyata,27,Belgium,75,77,Celtic,2,6500000.0,42000.0,12200000.0,244,221,314,333,242,216,53,1623,1,69,30,49,59,72,84
200429,B. Raman,23,Belgium,75,80,Fortuna Düsseldorf,5,9000000.0,24000.0,16900000.0,341,343,432,342,295,60,55,1868,1,92,72,65,78,26,58
231416,D. Lukebakio,20,Belgium,75,82,Fortuna Düsseldorf,7,9500000.0,38000.0,0.0,329,350,394,353,266,75,53,1820,1,86,74,66,78,28,62
222501,T. Castagne,22,Belgium,74,83,Atalanta,9,8500000.0,20000.0,16200000.0,309,303,365,331,298,218,63,1887,1,78,55,68,72,72,69
53630,J. Van Damme,34,Belgium,74,74,Royal Antwerp FC,0,1700000.0,11000.0,2600000.0,306,296,276,370,346,207,47,1848,2,60,60,59,58,70,86
210831,B. Verstraete,24,Belgium,74,78,KAA Gent,4,6000000.0,15000.0,9500000.0,302,341,370,372,359,210,61,2015,1,74,58,71,69,71,76
162221,F. Haroun,32,Belgium,74,74,Royal Antwerp FC,0,3200000.0,11000.0,4800000.0,323,334,296,367,368,211,53,1952,1,57,68,65,68,74,82
212933,L. Depoitre,29,Belgium,74,74,Huddersfield Town,0,5500000.0,44000.0,11000000.0,340,271,255,366,311,119,50,1712,1,50,71,59,63,43,80
204233,C. Musonda,21,Belgium,74,81,Vitesse,7,8000000.0,10000.0,13600000.0,300,355,410,267,242,66,36,1676,1,84,64,70,80,24,43
188400,T. Kaminski,25,Belgium,74,77,KAA Gent,3,5000000.0,13000.0,7800000.0,94,93,262,194,139,45,361,1188,1,73,74,67,75,46,72
204549,D. Roef,24,Belgium,73,77,Waasland-Beveren,4,3700000.0,10000.0,0.0,98,119,264,227,122,41,358,1229,1,76,71,65,76,50,70
209673,D. Dessoleil,25,Belgium,73,76,Sporting de Charleroi,3,4200000.0,11000.0,6600000.0,218,218,302,292,262,218,57,1567,1,57,31,50,47,74,75
176137,J. Vossen,29,Belgium,73,73,Club Brugge KV,0,4000000.0,20000.0,5600000.0,358,345,338,352,348,133,54,1928,2,60,74,69,70,48,68
204308,H. Van Crombrugge,25,Belgium,73,77,KAS Eupen,4,3700000.0,8000.0,5600000.0,89,101,227,217,124,44,364,1166,1,78,71,72,73,37,70
229659,B. Heynen,21,Belgium,73,79,KRC Genk,6,5500000.0,10000.0,9400000.0,317,337,346,332,344,199,43,1918,1,67,62,70,73,67,69
204352,D. Arslanagic,25,Belgium,73,77,Royal Antwerp FC,4,4300000.0,9000.0,6800000.0,241,219,275,294,263,220,56,1568,1,57,32,57,57,72,78
201043,B. Dejaegere,27,Belgium,73,73,KAA Gent,0,4099999.9999999995,17000.0,6200000.0,307,347,398,379,348,201,41,2021,1,76,61,68,77,67,75
234078,O. Mangala,20,Belgium,73,84,Hamburger SV,11,7000000.0,19000.0,0.0,278,330,360,340,309,197,37,1851,1,72,50,70,76,66,70
215927,R. Emond,26,Belgium,73,73,Standard de Liège,0,4400000.0,15000.0,6600000.0,335,287,332,343,299,53,58,1707,1,67,72,55,62,27,68
241103,Z. Vanheusden,18,Belgium,73,87,Standard de Liège,14,7500000.0,16000.0,0.0,245,281,312,284,298,225,44,1689,1,62,39,58,61,75,71
201938,A. Limbombe,23,Belgium,73,76,FC Nantes,3,5000000.0,18000.0,9900000.0,326,360,402,350,276,172,52,1938,1,83,69,68,77,54,61
188416,S. Wuytens,28,Belgium,72,72,AZ Alkmaar,0,2500000.0,11000.0,3800000.0,329,361,318,368,322,213,64,1975,1,57,60,73,67,72,73
192778,I. Mboyo,31,Belgium,72,72,Al Raed,0,2700000.0,12000.0,0.0,341,348,330,360,322,106,61,1868,1,69,70,70,74,40,75
216334,P. Gerkens,23,Belgium,72,76,RSC Anderlecht,4,4099999.9999999995,13000.0,6400000.0,356,316,334,338,321,190,54,1909,1,60,70,70,69,66,65
192537,M. Lestienne,26,Belgium,72,72,Standard de Liège,0,3300000.0,12000.0,5000000.0,321,357,388,322,307,102,54,1851,1,78,69,69,75,36,54
175932,R. De Laet,29,Belgium,72,72,Melbourne City FC,0,2400000.0,14000.0,0.0,283,258,353,337,291,212,66,1800,1,83,55,59,67,69,76
227667,I. Mbenza,22,Belgium,72,80,Huddersfield Town,8,4600000.0,17000.0,0.0,329,350,374,362,255,102,50,1822,1,87,70,68,72,36,66
215970,B. Bolingoli,23,Belgium,72,77,SK Rapid Wien,5,3500000.0,11000.0,5500000.0,304,271,403,379,332,196,58,1943,1,90,63,61,70,65,79
163492,N. Lombaerts,33,Belgium,72,72,KV Oostende,0,1300000.0,11000.0,1900000.0,277,295,223,287,282,222,60,1646,2,34,44,62,53,76,69
142258,S. Bossut,32,Belgium,72,72,SV Zulte-Waregem,0,1800000.0,9000.0,2700000.0,84,107,247,216,126,49,351,1180,1,72,70,65,71,45,73
223926,S. Bastien,21,Belgium,72,78,Standard de Liège,6,4200000.0,9000.0,7200000.0,320,375,367,351,323,171,39,1946,1,73,62,73,77,59,64
223929,A. Leya Iseka,20,Belgium,72,79,Toulouse Football Club,7,4500000.0,16000.0,9800000.0,344,303,378,378,275,65,65,1808,1,84,73,61,71,27,72
228804,A. De Sart,21,Belgium,72,78,Sint-Truidense VV,6,4200000.0,7000.0,7200000.0,334,357,339,353,326,195,63,1967,1,63,65,71,70,67,67
206577,S. Peeters,26,Belgium,72,73,SV Zulte-Waregem,1,3600000.0,17000.0,0.0,344,377,312,348,335,175,59,1950,1,66,68,76,67,59,64
222724,B. Manuel,21,Belgium,71,78,Royal Excel Mouscron,7,3400000.0,9000.0,0.0,294,350,399,325,268,98,67,1801,1,80,61,66,79,34,57
49161,O. Deschacht,37,Belgium,71,71,Sporting Lokeren,0,325000.0,6000.0,471000.0,260,237,268,300,289,216,48,1618,1,48,45,60,52,75,69
190516,Y. El Ghanassy,27,Belgium,71,71,Al Raed,0,2500000.0,16000.0,0.0,303,357,380,303,275,85,60,1763,1,75,66,67,78,31,55
175934,K. Steppe,29,Belgium,71,71,Sint-Truidense VV,0,1600000.0,7000.0,2400000.0,92,119,270,213,136,41,345,1216,1,72,68,64,71,44,70
228942,D. Cools,22,Belgium,71,77,Club Brugge KV,6,3200000.0,12000.0,5200000.0,293,283,340,372,313,214,45,1860,1,76,58,68,68,69,74
213839,B. Guillaume,23,Belgium,71,77,Nîmes Olympique,6,3300000.0,14000.0,0.0,328,263,304,326,252,81,50,1604,1,57,68,57,71,31,65
184154,N. De Pauw,28,Belgium,71,71,SV Zulte-Waregem,0,2400000.0,11000.0,3600000.0,346,329,360,364,308,100,56,1863,1,75,69,68,71,41,70
203633,M. Bruno,24,Belgium,71,73,Sporting de Charleroi,2,2900000.0,9000.0,4600000.0,332,357,378,348,276,99,60,1850,1,77,67,70,73,36,62
163186,G. Gillet,34,Belgium,71,71,Racing Club de Lens,0,725000.0,7000.0,1300000.0,339,337,310,366,359,204,60,1975,2,63,70,67,67,69,76
246419,Y. Verschaeren,16,Belgium,71,87,RSC Anderlecht,16,4700000.0,5000.0,10000000.0,296,337,378,311,263,114,50,1749,1,71,58,69,78,39,57
177571,T. Derijck,31,Belgium,71,71,KAA Gent,0,1600000.0,12000.0,2400000.0,237,252,276,294,297,209,55,1620,1,52,45,51,51,71,72
217287,J. De Sart,23,Belgium,71,76,KV Kortrijk,5,2700000.0,8000.0,4200000.0,332,342,320,348,316,203,54,1915,1,59,62,70,66,69,70
139727,F. Boeckx,31,Belgium,71,71,RSC Anderlecht,0,1400000.0,10000.0,2200000.0,92,118,222,200,148,50,359,1189,1,69,71,78,71,34,70
201438,H. Van Der Bruggen,25,Belgium,71,73,KV Kortrijk,2,2800000.0,9000.0,4500000.0,316,339,316,340,335,193,65,1904,1,55,62,70,67,66,67
242664,A. Saelemaekers,19,Belgium,71,83,RSC Anderlecht,12,4099999.9999999995,6000.0,7000000.0,304,354,374,320,300,186,48,1886,1,78,53,72,73,60,62
231423,C. De Norre,21,Belgium,71,77,KRC Genk,6,2800000.0,7000.0,4700000.0,302,325,374,358,319,206,57,1941,1,78,63,66,72,66,70
228353,G. Hendrickx,23,Belgium,70,75,Sporting de Charleroi,5,2000000.0,7000.0,3200000.0,312,325,356,338,323,198,57,1909,1,67,58,69,65,66,65
241947,F. Amuzu,18,Belgium,70,84,RSC Anderlecht,14,3700000.0,5000.0,7800000.0,286,323,410,336,237,113,57,1762,1,87,63,63,75,32,55
235036,W. Faes,20,Belgium,70,78,KV Oostende,8,2300000.0,6000.0,3900000.0,221,235,309,287,259,210,44,1565,1,66,33,51,56,69,73
163369,S. Pocognoli,30,Belgium,70,70,Standard de Liège,0,1300000.0,8000.0,1900000.0,314,342,343,351,337,210,55,1952,1,69,59,67,68,69,74
215373,S. Coopman,23,Belgium,70,74,KV Oostende,4,2300000.0,8000.0,3600000.0,326,319,335,288,252,116,47,1683,1,61,60,70,71,40,49
105308,J. Gillet,39,Belgium,70,70,Standard de Liège,0,120000.0,4000.0,180000.0,89,100,259,209,131,49,351,1188,2,66,72,69,69,39,75
179811,B. Capon,30,Belgium,70,70,KV Oostende,0,1700000.0,9000.0,2500000.0,326,321,368,360,332,206,67,1980,1,74,66,67,67,68,70
178283,R. Boffin,30,Belgium,70,70,Antalyaspor,0,1100000.0,8000.0,2300000.0,71,80,265,220,134,44,345,1159,1,68,65,70,74,57,68
233849,A. D'Alberto,23,Belgium,70,75,Moreirense FC,5,2000000.0,3000.0,4300000.0,252,283,352,296,279,209,49,1720,1,76,36,59,65,67,67
200059,C. Coosemans,25,Belgium,70,73,KAA Gent,3,1600000.0,8000.0,2500000.0,93,115,241,214,143,41,347,1194,1,71,64,71,73,45,68
229010,S. Amallah,21,Belgium,70,76,Royal Excel Mouscron,6,2500000.0,5000.0,4099999.9999999995,322,341,336,339,311,151,55,1855,1,68,70,68,72,49,62
208790,Z. Bakkali,22,Belgium,70,75,RSC Anderlecht,5,2400000.0,10000.0,3700000.0,293,352,405,334,244,55,61,1744,1,82,69,63,78,19,55
204227,Z. Gano,24,Belgium,70,73,KRC Genk,3,2300000.0,9000.0,3600000.0,328,261,282,356,280,79,53,1639,1,64,69,56,62,33,76
223695,E. Şen,29,Belgium,70,70,GD Chaves,0,1400000.0,6000.0,2900000.0,317,330,333,341,329,213,66,1929,1,66,63,64,67,72,66
135891,K. Overmeire,32,Belgium,70,70,Sporting Lokeren,0,1000000.0,8000.0,1500000.0,279,298,321,359,311,203,37,1808,1,68,51,63,60,68,80
238053,S. Limbombe,27,Belgium,70,70,KAA Gent,0,1900000.0,13000.0,2800000.0,302,334,424,360,262,94,53,1829,1,88,66,65,73,32,60
242663,S. Bornauw,19,Belgium,70,81,RSC Anderlecht,11,2600000.0,4000.0,4400000.0,260,276,296,314,267,203,46,1662,1,62,40,63,59,67,76
200434,L. Cavanda,27,Belgium,70,70,Standard de Liège,0,1500000.0,8000.0,2200000.0,280,332,361,348,305,209,53,1888,1,76,56,61,72,68,71
225530,O. Oularé,22,Belgium,70,77,Standard de Liège,7,2500000.0,25000.0,0.0,324,237,266,337,282,69,46,1561,1,62,69,55,61,28,72
185349,D. Odoi,30,Belgium,69,69,Fulham,0,775000.0,22000.0,1500000.0,284,321,388,331,309,201,53,1887,1,82,49,65,71,67,67
138026,D. Verhulst,30,Belgium,69,69,Sporting Lokeren,0,675000.0,5000.0,979000.0,78,93,193,172,139,47,342,1064,1,70,66,65,71,25,70
188202,Y. Thoelen,27,Belgium,69,71,KAA Gent,2,850000.0,7000.0,1300000.0,77,97,215,214,105,49,341,1098,1,67,72,65,69,39,68
222262,C. Dessers,23,Belgium,69,74,FC Utrecht,5,1400000.0,9000.0,2200000.0,313,253,340,359,256,72,58,1651,1,71,69,54,64,28,71
171082,S. De Ridder,31,Belgium,69,69,Sporting Lokeren,0,925000.0,7000.0,1300000.0,323,344,352,339,300,104,63,1825,1,67,68,66,72,36,67
232526,E. Cobbaut,20,Belgium,69,77,RSC Anderlecht,8,1300000.0,6000.0,2300000.0,260,290,309,296,280,201,43,1679,1,65,34,61,62,66,76
200532,K. D'Haene,28,Belgium,69,69,KV Kortrijk,0,825000.0,7000.0,1200000.0,279,312,387,327,312,195,63,1875,1,72,57,65,72,62,64
228715,B. Van Durmen,21,Belgium,69,76,Royal Excel Mouscron,7,1300000.0,4000.0,2100000.0,258,298,300,327,308,200,59,1750,1,59,45,62,63,66,73
235629,O. De Wolf,21,Belgium,69,76,Sporting Lokeren,7,1100000.0,4000.0,1800000.0,62,68,190,165,91,35,353,964,1,67,70,76,71,35,69
202095,V. Klonaridis,25,Belgium,69,69,AEK Athens,0,1100000.0,1000.0,2500000.0,287,317,377,332,316,131,56,1816,1,83,67,63,68,47,65
184176,G. Bruno,26,Belgium,69,69,KSV Cercle Brugge,0,1100000.0,8000.0,1600000.0,335,295,349,334,292,65,59,1729,1,72,67,61,71,29,68
202889,A. Öztürk,24,Belgium,69,73,Göztepe SK,4,1200000.0,9000.0,2400000.0,299,324,328,366,316,199,49,1881,1,66,58,67,65,66,75
212121,J. Vanlerberghe,22,Belgium,69,76,KV Oostende,7,1300000.0,8000.0,0.0,306,328,321,351,310,204,63,1883,1,71,59,67,65,67,73
148635,D. De fauw,36,Belgium,69,69,SV Zulte-Waregem,0,120000.0,5000.0,180000.0,292,332,273,325,340,213,63,1838,1,43,53,71,62,73,66
184242,F. Ojo,26,Belgium,69,69,Scunthorpe United,0,1100000.0,6000.0,1900000.0,310,304,356,348,325,177,62,1882,1,69,63,67,68,60,68
157678,L. Ciman,32,Belgium,69,69,Toronto FC,0,600000.0,4000.0,900000.0,301,339,290,342,302,206,60,1840,1,51,57,68,62,69,68
195065,G. Hairemans,26,Belgium,69,69,Royal Antwerp FC,0,1100000.0,6000.0,1700000.0,300,361,297,341,336,137,52,1824,1,51,63,72,69,50,68
205578,P. Ngawa,26,Belgium,68,69,Foggia,1,850000.0,2000.0,0.0,245,246,353,318,249,204,49,1664,1,80,41,51,62,67,71
237333,L. Verstraete,19,Belgium,68,80,Waasland-Beveren,12,1500000.0,4000.0,0.0,290,326,320,353,310,197,42,1838,1,67,53,66,66,65,75
208422,R. Sanusi,26,Belgium,68,71,Grenoble Foot 38,3,925000.0,3000.0,1700000.0,316,343,343,356,307,175,64,1904,1,65,61,69,69,62,70
155694,S. De Petter,32,Belgium,68,68,Sint-Truidense VV,0,525000.0,5000.0,788000.0,283,250,271,298,339,197,55,1693,1,43,53,59,54,68,71
222263,N. Jackers,20,Belgium,68,77,KRC Genk,9,1100000.0,3000.0,1800000.0,86,84,249,186,101,45,334,1085,1,69,65,64,72,44,64
163640,B. Lambot,31,Belgium,68,68,KSV Cercle Brugge,0,600000.0,6000.0,870000.0,293,242,251,320,330,192,50,1678,1,48,58,60,46,67,73
172648,S. Blondelle,32,Belgium,68,68,KAS Eupen,0,525000.0,5000.0,761000.0,234,263,262,322,269,203,54,1607,1,46,39,59,54,69,72
190572,L. De Bock,25,Belgium,68,70,KV Oostende,2,900000.0,14000.0,0.0,269,332,346,337,329,203,55,1871,1,68,46,64,65,66,77
182897,S. Bruzzese,29,Belgium,68,69,KV Kortrijk,1,700000.0,5000.0,1100000.0,102,111,225,207,125,35,334,1139,1,69,62,66,69,41,68
228980,M. Tirpan,24,Belgium,68,71,Sporting Lokeren,3,950000.0,5000.0,1400000.0,292,300,356,311,316,205,40,1820,1,73,53,65,64,67,65
243580,I. Openda,18,Belgium,68,82,Club Brugge KV,14,1900000.0,5000.0,3800000.0,292,238,406,337,235,64,48,1620,1,92,62,53,68,25,60
137359,C. Lepoint,33,Belgium,68,68,KV Kortrijk,0,375000.0,6000.0,563000.0,317,282,238,348,357,186,56,1784,1,46,66,62,58,64,81
222875,J. Kayembe,23,Belgium,68,71,FC Nantes,3,1100000.0,9000.0,2200000.0,285,274,366,269,265,105,58,1622,1,81,56,61,72,37,57
246185,T. Vlietinck,20,Belgium,68,77,Club Brugge KV,9,1400000.0,7000.0,2200000.0,315,313,364,285,260,153,53,1743,1,81,56,64,67,54,46
223938,K. Hazard,22,Belgium,68,74,KSV Cercle Brugge,6,1200000.0,6000.0,2000000.0,287,332,375,301,263,83,49,1690,1,78,58,66,73,28,56
175818,T. De Sutter,32,Belgium,68,68,KV Oostende,0,725000.0,7000.0,1100000.0,330,296,207,322,318,107,51,1631,1,45,69,61,59,41,73
223957,L. Pirard,23,Belgium,68,73,Sint-Truidense VV,5,875000.0,3000.0,1400000.0,65,72,218,185,117,37,336,1030,1,69,68,64,71,34,64
230872,M. Svilar,18,Belgium,68,81,SL Benfica,13,1300000.0,1000.0,3300000.0,107,118,307,208,135,51,333,1259,1,71,65,63,70,59,64
241928,A. Sambi Lokonga,18,Belgium,67,81,RSC Anderlecht,14,1600000.0,3000.0,3300000.0,263,319,347,291,274,158,49,1701,1,69,44,67,73,53,60
236615,D. Rigo,19,Belgium,67,80,PSV,13,1400000.0,3000.0,2900000.0,304,336,312,261,287,122,54,1676,1,63,57,71,69,46,46
228699,D. Wouters,21,Belgium,67,75,KRC Genk,8,975000.0,4000.0,1700000.0,204,277,260,316,245,195,58,1555,1,53,35,58,47,65,74
183392,D. Pollet,29,Belgium,67,67,KAS Eupen,0,750000.0,6000.0,0.0,288,252,285,342,272,70,61,1570,1,61,67,48,55,28,71
199277,M. Jonckheere,28,Belgium,67,67,KV Oostende,0,750000.0,6000.0,1100000.0,314,325,312,294,318,174,61,1798,1,54,59,68,67,60,57
201841,N. Dussenne,26,Belgium,67,69,Royal Excel Mouscron,2,775000.0,4000.0,1200000.0,254,192,233,256,266,199,61,1461,1,35,34,46,44,68,72
180339,N. Schouterden,29,Belgium,67,67,KAS Eupen,0,750000.0,5000.0,1100000.0,281,336,356,340,301,153,49,1816,1,71,57,67,67,52,61
201847,L. Bostyn,24,Belgium,67,71,SV Zulte-Waregem,4,700000.0,3000.0,1100000.0,54,77,200,157,118,28,330,964,1,72,66,59,66,36,67
215430,T. Lumanza Lembi,24,Belgium,67,71,Stabæk Fotball,4,850000.0,1000.0,1100000.0,271,308,343,336,306,185,49,1798,1,69,52,64,68,62,70
229040,A. Nkaka,22,Belgium,67,74,KV Oostende,7,925000.0,4000.0,1600000.0,232,258,353,324,284,197,57,1705,1,71,41,57,63,66,70
239028,A. Koita,19,Belgium,67,77,KV Kortrijk,10,1200000.0,4000.0,0.0,266,317,397,299,240,117,50,1686,1,84,57,61,73,36,52
210361,B. Godeau,26,Belgium,67,70,Royal Excel Mouscron,3,800000.0,4000.0,1200000.0,250,233,274,278,246,199,51,1531,1,48,35,56,50,67,69
216295,T. Dierckx,23,Belgium,67,72,Waasland-Beveren,5,1000000.0,4000.0,1600000.0,304,288,382,327,259,44,53,1657,1,78,65,59,70,19,60
233965,A. Castro-Montes,21,Belgium,67,75,KAS Eupen,8,975000.0,3000.0,1600000.0,300,293,363,345,298,184,56,1839,1,72,62,66,68,60,63
208668,D. Henen,22,Belgium,66,72,Sporting de Charleroi,6,875000.0,4000.0,1500000.0,291,290,345,326,242,50,65,1609,1,78,64,55,70,24,62
205386,G. Hubert,24,Belgium,66,70,Club Brugge KV,4,600000.0,4000.0,885000.0,89,85,221,183,113,44,325,1060,1,70,63,64,65,43,63
204619,D. De Belder,26,Belgium,66,67,KSV Cercle Brugge,1,775000.0,5000.0,1200000.0,317,288,338,342,295,90,67,1737,1,69,67,60,62,36,68
213328,S. Miangue,21,Belgium,66,73,Standard de Liège,7,775000.0,6000.0,0.0,267,288,296,318,250,199,66,1684,1,63,43,57,61,65,64
240511,I. Boonen,19,Belgium,66,76,KV Oostende,10,1000000.0,3000.0,1700000.0,307,290,358,293,272,93,53,1666,1,75,65,61,67,31,56
212120,M. Heylen,24,Belgium,66,70,SV Zulte-Waregem,4,700000.0,4000.0,1100000.0,238,222,261,284,276,196,62,1539,1,51,37,55,46,65,71
239259,R. Bushiri,18,Belgium,66,80,KAS Eupen,14,1200000.0,2000.0,0.0,180,175,281,291,219,189,50,1385,1,65,26,34,41,63,78
235213,Álex Craninx,22,Belgium,66,75,Molde FK,9,750000.0,2000.0,1100000.0,100,156,215,213,129,44,322,1179,1,67,65,62,65,36,63
245459,X. Emmers,18,Belgium,66,78,US Cremonese,12,1100000.0,7000.0,0.0,271,320,324,278,286,167,47,1693,1,68,48,65,66,53,51
182228,J. Huyghebaert,29,Belgium,66,66,Neuchâtel Xamax,0,475000.0,4000.0,0.0,253,286,334,303,275,197,60,1708,1,67,40,62,60,65,68
210667,F. Vanzo,24,Belgium,66,70,Waasland-Beveren,4,850000.0,3000.0,1300000.0,305,328,330,338,309,145,47,1802,1,64,64,62,70,50,67
239095,J. Schryvers,21,Belgium,66,72,Waasland-Beveren,6,750000.0,3000.0,1200000.0,248,286,335,297,275,192,55,1688,1,69,38,62,62,63,64
225531,D. Van den Buijs,22,Belgium,66,72,Heracles Almelo,6,750000.0,2000.0,1200000.0,261,299,318,292,266,199,48,1683,1,67,40,62,51,66,67
229127,J. Teunckens,20,Belgium,65,74,Royal Antwerp FC,9,650000.0,2000.0,1100000.0,81,94,231,183,109,35,315,1048,1,68,65,56,68,41,58
204817,M. Ospitalieri,26,Belgium,65,66,Fortuna Sittard,1,525000.0,2000.0,801000.0,284,279,301,308,245,193,62,1672,1,65,55,59,65,63,65
237331,T. De Smet,20,Belgium,65,75,KAA Gent,10,750000.0,4000.0,1300000.0,242,220,317,319,271,195,45,1609,1,71,47,55,56,64,65
239128,T. Mpati,26,Belgium,65,66,Sporting Lokeren,1,525000.0,4000.0,801000.0,256,243,368,277,256,189,56,1645,1,78,37,55,65,63,66
227920,I. Azzaoui,20,Belgium,65,77,VfL Wolfsburg,12,975000.0,7000.0,1900000.0,262,298,368,273,208,87,54,1550,1,80,55,55,73,29,53
228983,M. Caufriez,21,Belgium,65,72,Waasland-Beveren,7,650000.0,2000.0,1100000.0,190,201,267,259,238,191,43,1389,1,57,25,47,46,63,71
239224,A. Benchaib,20,Belgium,65,76,Sporting Lokeren,11,925000.0,3000.0,1500000.0,274,316,352,303,242,92,41,1620,1,73,57,61,68,29,50
246157,E. Pletinckx,17,Belgium,65,79,SV Zulte-Waregem,14,950000.0,2000.0,2000000.0,202,192,261,276,218,188,48,1385,1,61,29,40,43,62,73
234904,R. Seigers,20,Belgium,65,74,KRC Genk,9,725000.0,3000.0,1200000.0,214,207,306,256,228,197,59,1467,1,67,25,49,48,65,68
204449,S. Marzo,27,Belgium,65,65,Sporting Lokeren,0,450000.0,4000.0,653000.0,230,249,334,257,290,196,52,1608,1,67,29,57,60,65,66
224163,A. Verschueren,21,Belgium,65,69,NAC Breda,4,600000.0,2000.0,915000.0,251,258,334,269,280,192,56,1640,1,66,36,58,60,64,64
235171,A. Bongiovanni,18,Belgium,65,78,KSV Cercle Brugge,13,975000.0,2000.0,2000000.0,302,335,335,270,252,146,40,1680,1,65,60,65,70,44,47
236464,J. Ngoy,20,Belgium,65,78,Grasshopper Club Zürich,13,1100000.0,9000.0,0.0,285,269,372,335,233,67,52,1613,1,84,61,55,66,25,69
223931,H. Matthys,22,Belgium,65,72,Excelsior,7,650000.0,2000.0,1100000.0,254,280,308,301,273,192,46,1654,1,66,41,60,59,63,67
224191,A. Ciranni,22,Belgium,65,72,Fortuna Sittard,7,650000.0,2000.0,1100000.0,270,347,327,260,271,193,49,1717,1,72,52,64,65,62,49
217313,J. Caenepeel,21,Belgium,65,72,Excelsior,7,775000.0,2000.0,1300000.0,285,262,376,305,274,93,50,1645,1,84,59,55,66,32,65
243968,A. De Bruyn,24,Belgium,64,67,Sint-Truidense VV,3,575000.0,3000.0,906000.0,296,319,344,320,251,87,53,1670,1,72,66,60,68,31,54
215302,F. Marquet,23,Belgium,64,68,KV Oostende,4,575000.0,3000.0,906000.0,279,324,322,338,301,186,53,1803,1,59,53,65,64,62,66
228639,R. Mmaee,21,Belgium,64,73,Aarhus GF,9,700000.0,3000.0,0.0,294,244,351,316,235,69,55,1564,1,76,59,52,68,28,61
234785,S. Omeonga,22,Belgium,64,73,Hibernian,9,675000.0,3000.0,0.0,245,288,375,255,292,187,37,1679,1,75,42,62,71,61,56
216106,M. Van Damme,24,Belgium,64,69,KSV Cercle Brugge,5,425000.0,2000.0,648000.0,92,104,256,191,105,44,313,1105,1,65,61,61,67,49,59
231754,M. Ngombo,23,Belgium,64,71,Ascoli,7,650000.0,1000.0,1100000.0,251,237,336,312,213,65,44,1458,1,76,63,44,62,24,60
245084,M. Busi,18,Belgium,64,77,Sporting de Charleroi,13,700000.0,1000.0,1500000.0,279,275,344,299,270,183,52,1702,1,75,48,56,69,59,64
243592,M. Laurent,26,Belgium,64,65,KAS Eupen,1,525000.0,3000.0,801000.0,276,311,357,317,284,108,49,1702,1,71,62,61,65,38,54
246457,C. Ngonge,18,Belgium,64,80,Club Brugge KV,16,950000.0,3000.0,1900000.0,256,266,365,314,251,81,47,1580,1,78,61,48,73,31,59
185291,K. Debaty,29,Belgium,64,65,Waasland-Beveren,1,350000.0,2000.0,534000.0,88,75,235,217,119,54,305,1093,1,65,61,50,65,40,64
237772,M. Verreth,20,Belgium,64,74,PSV,10,725000.0,3000.0,1200000.0,276,296,344,309,244,98,56,1623,1,78,63,58,66,34,59
206040,B. Verboom,26,Belgium,64,65,SV Zulte-Waregem,1,425000.0,3000.0,669000.0,272,302,345,324,290,192,50,1775,1,70,54,60,64,63,65
227857,B. Badibanga,22,Belgium,63,68,Waasland-Beveren,5,500000.0,2000.0,763000.0,243,290,358,302,210,73,52,1528,1,75,54,58,69,24,49
230933,L. Schoofs,21,Belgium,63,71,NAC Breda,8,475000.0,3000.0,0.0,225,252,287,292,255,184,56,1551,1,55,40,53,57,61,66
242003,D. Foulon,19,Belgium,63,73,Waasland-Beveren,10,500000.0,1000.0,825000.0,221,308,350,278,263,184,48,1652,1,75,31,60,63,59,64
244588,B. Baiye,17,Belgium,63,81,Club Brugge KV,18,650000.0,2000.0,1300000.0,219,242,314,281,248,186,62,1552,1,64,36,51,58,62,67
184175,J. Bourdouxhe,27,Belgium,63,63,FC Emmen,0,300000.0,2000.0,435000.0,289,313,373,324,263,181,43,1786,1,76,59,58,66,60,56
244602,O. Boussaid,18,Belgium,63,77,FC Utrecht,14,750000.0,2000.0,1600000.0,253,321,375,269,220,118,42,1598,1,75,55,60,72,33,42
177815,Y. De Winter,31,Belgium,63,63,Royal Antwerp FC,0,220000.0,2000.0,330000.0,85,117,246,211,123,57,309,1148,1,64,63,56,61,50,65
148634,B. Vandenbussche,36,Belgium,63,63,KSV Cercle Brugge,0,50000.0,1000.0,73000.0,85,103,158,146,155,44,315,1006,1,57,67,61,55,25,75
234148,W. Janssens,22,Belgium,63,68,Sint-Truidense VV,5,500000.0,2000.0,788000.0,296,256,346,308,242,85,58,1591,1,74,62,49,64,30,58
242879,M. Vandevoordt,16,Belgium,63,83,KRC Genk,20,600000.0,1000.0,1500000.0,38,55,144,152,65,33,310,797,1,67,63,58,68,15,54
239306,J. Bataille,19,Belgium,63,75,KV Oostende,12,650000.0,2000.0,1100000.0,278,285,366,287,272,159,53,1700,1,76,52,60,66,52,54
239307,R. D'Haese,19,Belgium,63,73,KV Oostende,10,575000.0,2000.0,978000.0,259,279,346,273,221,115,48,1541,1,71,48,59,66,35,48
224211,S. Mmaee,21,Belgium,63,71,Sint-Truidense VV,8,475000.0,2000.0,808000.0,216,206,319,284,227,183,50,1485,1,69,32,48,55,60,71
235222,S. Horemans,20,Belgium,63,72,Excelsior,9,500000.0,3000.0,0.0,201,230,332,251,246,195,55,1510,1,67,25,52,58,64,64
229107,N. De Medina,20,Belgium,63,72,Royal Excel Mouscron,9,500000.0,2000.0,825000.0,272,247,327,261,220,185,55,1567,1,69,40,57,59,61,62
224822,A. Monsecour,22,Belgium,62,69,Sporting Lokeren,7,375000.0,2000.0,619000.0,220,222,329,244,223,183,54,1475,1,65,27,50,54,61,60
184148,J. Coppens,27,Belgium,62,64,FC Carl Zeiss Jena,2,250000.0,1000.0,381000.0,77,89,225,209,104,37,303,1044,1,66,61,55,68,42,53
244843,W. Balikwisha,19,Belgium,62,75,Standard de Liège,13,575000.0,1000.0,1200000.0,255,292,363,286,218,70,49,1533,1,76,50,58,70,26,47
204685,B. Ntambwe,25,Belgium,62,65,Macclesfield Town,3,375000.0,2000.0,684000.0,251,264,341,359,288,182,54,1739,1,77,48,56,61,62,80
226729,A. Swolfs,20,Belgium,62,71,Waasland-Beveren,9,350000.0,2000.0,0.0,84,80,224,170,122,44,302,1026,1,62,60,56,67,40,57
239810,N. Raskin,17,Belgium,62,80,Standard de Liège,18,600000.0,1000.0,1300000.0,239,309,322,268,243,157,59,1597,1,68,42,61,68,52,49
239597,D. Jubitana,19,Belgium,62,74,Waasland-Beveren,12,525000.0,1000.0,866000.0,264,323,335,309,238,117,47,1633,1,68,59,59,65,37,55
247877,N. Nöstlinger,20,Belgium,61,70,Royal Antwerp FC,9,400000.0,2000.0,680000.0,289,311,319,313,241,106,45,1624,1,72,62,61,62,37,53
246408,B. Chibani,19,Belgium,61,72,Royal Excel Mouscron,11,425000.0,1000.0,701000.0,262,299,328,292,268,161,44,1654,1,67,51,58,65,53,60
231101,M. Weymans,20,Belgium,61,72,Östersunds FK,11,375000.0,1000.0,544000.0,246,262,356,329,247,160,43,1643,1,79,44,54,64,52,72
223683,T. De Bie,21,Belgium,61,68,KV Oostende,7,260000.0,1000.0,442000.0,96,98,230,172,101,48,298,1043,1,66,55,56,67,42,54
240074,B. Dione,21,Belgium,61,68,Royal Excel Mouscron,7,350000.0,2000.0,578000.0,259,246,354,283,213,47,42,1444,1,76,58,49,67,18,46
223947,J. Benteke,23,Belgium,61,67,Oldham Athletic,6,350000.0,3000.0,683000.0,297,243,325,294,232,78,57,1526,1,72,60,51,57,29,57
224215,V. Baume,21,Belgium,61,68,Sporting de Charleroi,7,260000.0,1000.0,442000.0,90,93,239,178,110,50,300,1060,1,65,57,59,65,40,54
229105,D. Sula,20,Belgium,61,70,Waasland-Beveren,9,400000.0,2000.0,660000.0,292,257,312,299,230,45,43,1478,1,67,60,54,61,19,60
237337,T. Verlinden,18,Belgium,60,78,Stoke City,18,425000.0,3000.0,1100000.0,266,288,337,253,237,134,53,1568,1,69,54,57,69,39,42
243277,J. Mukena,18,Belgium,60,73,Watford,13,325000.0,3000.0,821000.0,175,163,285,252,220,193,53,1341,1,56,29,33,38,63,56
242309,G. Van Moerzeke,20,Belgium,60,69,Sporting Lokeren,9,280000.0,2000.0,462000.0,224,188,264,225,239,183,45,1368,1,58,26,48,47,59,63
238474,M. Chajia,20,Belgium,60,70,Ascoli,10,350000.0,1000.0,613000.0,256,270,330,251,222,63,57,1449,1,67,55,54,65,23,39
246415,N. Fadiga,18,Belgium,60,74,Club Brugge KV,14,425000.0,2000.0,861000.0,251,265,349,237,237,103,45,1487,1,76,52,53,63,34,42
239308,T. Ivanof,20,Belgium,60,69,KV Kortrijk,9,325000.0,2000.0,553000.0,253,293,346,265,222,88,46,1513,1,68,48,57,66,28,48
237525,A. Bodart,20,Belgium,60,69,Standard de Liège,9,240000.0,1000.0,408000.0,64,74,145,172,74,36,295,860,1,63,59,57,62,21,54
244714,M. Bokoum,18,Belgium,60,69,AS Béziers,9,290000.0,1000.0,566000.0,234,252,360,256,204,75,64,1445,1,84,53,47,66,23,52
244218,J. De Busser,18,Belgium,60,73,KAA Gent,13,290000.0,1000.0,616000.0,77,76,136,133,80,32,304,838,1,63,60,55,62,24,64
244764,G. Kakudji,18,Belgium,59,72,Royal Antwerp FC,13,250000.0,1000.0,531000.0,238,254,310,270,241,162,58,1533,1,77,35,54,60,54,65
247125,Z. Bassong,19,Belgium,59,73,KSV Cercle Brugge,14,300000.0,1000.0,623000.0,219,258,333,286,249,169,51,1565,1,75,37,53,61,54,61
247424,T. Doore,18,Belgium,59,72,Sint-Truidense VV,13,280000.0,1000.0,595000.0,264,300,321,236,236,152,59,1568,1,66,47,60,70,46,43
239515,A. Cavagnera,19,Belgium,59,73,FC Lugano,14,300000.0,4000.0,0.0,235,274,299,270,232,164,51,1525,1,62,35,59,63,54,61
239269,L. Ndenbe,18,Belgium,59,73,KV Oostende,14,290000.0,1000.0,616000.0,209,230,348,254,246,167,56,1510,1,70,28,50,61,54,59
239546,C. Libertiaux,20,Belgium,59,68,Royal Excel Mouscron,9,180000.0,1000.0,297000.0,53,71,166,166,92,36,298,882,1,61,57,60,62,26,58
239311,M. Hoxha,18,Belgium,59,72,KV Kortrijk,13,280000.0,1000.0,595000.0,237,272,356,269,218,84,55,1491,1,71,50,53,62,28,47
231752,R. Wilmots,21,Belgium,58,68,Carpi,10,200000.0,1000.0,350000.0,260,268,312,319,263,114,44,1580,1,63,55,54,59,42,64
236374,A. Ademoglu,20,Belgium,58,71,Bursaspor,13,240000.0,2000.0,630000.0,275,304,300,258,241,149,35,1562,1,62,56,60,62,47,45
248159,T. Wildemeersch,18,Belgium,58,71,Sporting de Charleroi,13,200000.0,1000.0,425000.0,196,176,312,252,193,178,62,1369,1,69,28,44,43,57,60
248745,J. Carcela-González,18,Belgium,58,72,Standard de Liège,14,260000.0,1000.0,553000.0,240,292,336,266,220,94,55,1503,1,71,50,56,64,31,45
246724,O. Mussa,17,Belgium,58,74,Walsall,16,250000.0,1000.0,594000.0,254,277,378,279,222,110,56,1576,1,81,52,54,62,35,49
247542,M. De Smet,18,Belgium,58,73,SV Zulte-Waregem,15,260000.0,1000.0,553000.0,245,287,316,258,220,93,50,1469,1,66,50,55,64,32,45
243260,J. De Smet,19,Belgium,57,68,KV Kortrijk,11,130000.0,1000.0,221000.0,68,65,138,166,88,35,284,844,1,62,56,53,56,16,57
247209,D. Mbayo,16,Belgium,57,77,Sporting Lokeren,20,210000.0,1000.0,515000.0,236,256,331,242,205,71,49,1390,1,73,48,53,62,23,40
243905,R. Mantel,17,Belgium,57,73,Sporting Lokeren,16,170000.0,1000.0,353000.0,56,77,152,146,79,32,288,830,1,56,58,55,63,24,56
242884,L. Symons,16,Belgium,57,77,Sporting Lokeren,20,210000.0,1000.0,515000.0,239,216,371,265,211,49,40,1391,1,76,58,39,61,20,40
239595,N. Rodes,20,Belgium,57,66,Sporting de Charleroi,9,140000.0,1000.0,238000.0,213,226,291,252,236,173,57,1448,1,60,34,50,50,56,56
244720,B. Gabriël,19,Belgium,57,68,Club Brugge KV,11,130000.0,1000.0,208000.0,60,55,169,159,82,27,283,835,1,62,53,57,64,31,47
244247,D. Liessens,19,Belgium,56,67,Waasland-Beveren,11,130000.0,1000.0,215000.0,176,188,271,243,194,168,56,1296,1,55,25,39,44,54,65
248387,A. Ippolito,19,Belgium,55,66,Royal Excel Mouscron,11,150000.0,1000.0,248000.0,240,241,340,277,190,50,53,1391,1,73,57,44,60,18,44
247876,R. Quirynen,16,Belgium,55,75,Royal Antwerp FC,20,160000.0,1000.0,400000.0,202,231,331,210,208,160,53,1395,1,75,28,50,57,49,44
246713,K. Tshiend,16,Belgium,55,75,Sporting de Charleroi,20,180000.0,1000.0,450000.0,189,258,353,226,184,58,55,1323,1,75,36,44,69,22,37
248160,M. Diarra,19,Belgium,54,65,Sporting de Charleroi,11,100000.0,1000.0,170000.0,172,156,283,228,210,157,37,1243,1,66,23,44,30,51,62
248772,J. Van Hecke,16,Belgium,54,74,SV Zulte-Waregem,20,130000.0,1000.0,325000.0,220,264,316,256,229,138,47,1470,1,65,41,53,58,46,47
244583,M. Wenssens,16,Belgium,53,74,Sint-Truidense VV,21,110000.0,1000.0,275000.0,56,76,146,151,70,34,266,799,1,57,50,53,60,22,46
243566,T. Herbots,17,Belgium,53,73,Sint-Truidense VV,20,100000.0,1000.0,250000.0,59,62,173,138,88,39,269,828,1,58,53,56,54,24,48
242882,M. De Ruyver,17,Belgium,53,70,Sporting Lokeren,17,110000.0,1000.0,228000.0,154,138,299,241,210,166,60,1268,1,64,26,29,34,53,57
